3019783,A,M343,1,1,Null,1,1,1,1,1,1,1
6920349,B,Z9,0,0,0,1,0,0,0,0,1,0
7378685,C,Z381,0,1,1,Null,0,0,1,1,1,0
8928037,D,U106,1,1,1,1,0,1,1,1,1,0
12060401,E,Z301,Null,Null,1,Null,Null,0,Null,1,Null,Null
12878820,F,Z18,1,0,0,0,0,1,0,0,0,0
13668461,G,Z156,0,1,0,0,0,0,1,0,0,0
15732138,H,L11,1,1,1,1,1,Null,1,1,1,1
19538924,I,Z28,0,0,0,1,0,Null,0,0,1,0
19995425,J,P312,0,0,0,0,1,0,0,0,0,1
20029258,K,Z8,0,0,0,1,0,0,0,0,0,0
20323911,L,A297,0,Null,0,1,0,0,1,0,Null,0
20577481,M,M269,1,1,1,1,1,1,1,1,1,1
20625892,N,Z306,0,1,0,0,0,0,0,0,0,0
21450311,O,L48,0,0,1,1,0,0,0,1,1,0
